Date,Cumulative_Confirmed_Cases,New_Confirmed_Cases,Cumulative_Deaths,New_Deaths
Date inconnue,0,0,0,0
1/23/2020,0,0,0,0
1/24/2020,0,0,0,0
1/25/2020,0,0,0,0
1/26/2020,0,0,0,0
1/27/2020,0,0,0,0
1/28/2020,0,0,0,0
1/29/2020,0,0,0,0
1/30/2020,0,0,0,0
1/31/2020,0,0,0,0
2/1/2020,0,0,0,0
2/2/2020,0,0,0,0
2/3/2020,0,0,0,0
2/4/2020,0,0,0,0
2/5/2020,0,0,0,0
2/6/2020,0,0,0,0
2/7/2020,0,0,0,0
2/8/2020,0,0,0,0
2/9/2020,0,0,0,0
2/10/2020,0,0,0,0
2/11/2020,0,0,0,0
2/12/2020,0,0,0,0
2/13/2020,0,0,0,0
2/14/2020,0,0,0,0
2/15/2020,0,0,0,0
2/16/2020,0,0,0,0
2/17/2020,0,0,0,0
2/18/2020,0,0,0,0
2/19/2020,0,0,0,0
2/20/2020,0,0,0,0
2/21/2020,0,0,0,0
2/22/2020,0,0,0,0
2/23/2020,0,0,0,0
2/24/2020,0,0,0,0
2/25/2020,0,0,0,0
2/26/2020,0,0,0,0
2/27/2020,0,0,0,0
2/28/2020,0,0,0,0
2/29/2020,0,0,0,0
3/1/2020,0,0,0,0
3/2/2020,0,0,0,0
3/3/2020,0,0,0,0
3/4/2020,0,0,0,0
3/5/2020,0,0,0,0
3/6/2020,1,1,0,0
3/7/2020,1,0,0,0
3/8/2020,1,0,0,0
3/9/2020,1,0,0,0
3/10/2020,1,0,0,0
3/11/2020,3,2,0,0
3/12/2020,5,2,0,0
3/13/2020,6,1,0,0
3/14/2020,7,1,1,1
3/15/2020,9,2,1,0
3/16/2020,14,5,1,0
3/17/2020,18,4,2,1
3/18/2020,26,8,3,1
3/19/2020,74,48,3,0
3/20/2020,149,75,4,1
3/21/2020,288,139,5,1
3/22/2020,459,171,6,1
3/23/2020,717,258,7,1
3/24/2020,937,220,10,3
3/25/2020,1186,249,18,8
3/26/2020,1530,344,24,6
3/27/2020,1963,433,27,3
3/28/2020,2368,405,41,14
3/29/2020,2868,500,51,10
3/30/2020,3471,603,65,14
3/31/2020,4224,753,80,15
4/1/2020,4798,574,94,14
4/2/2020,5513,715,111,17
4/3/2020,6126,613,140,29
4/4/2020,6749,623,188,48
4/5/2020,7255,506,226,38
4/6/2020,7867,612,274,48
4/7/2020,8687,820,326,52
4/8/2020,9240,553,382,56
4/9/2020,10048,808,447,65
4/10/2020,10611,563,517,70
4/11/2020,11263,652,581,64
4/12/2020,12084,821,661,80
4/13/2020,12944,860,750,89
4/14/2020,13995,1051,836,86
4/15/2020,14879,884,924,88
4/16/2020,15741,862,1009,85
4/17/2020,16575,834,1088,79
4/18/2020,17262,687,1180,92
4/19/2020,17919,657,1290,110
4/20/2020,18618,699,1388,98
4/21/2020,19287,669,1495,107
4/22/2020,20082,795,1597,102
4/23/2020,20828,746,1711,114
4/24/2020,21604,776,1811,100
4/25/2020,22279,675,1929,118
4/26/2020,22883,604,2040,111
4/27/2020,23575,692,2149,109
4/28/2020,24383,808,2282,133
4/29/2020,25230,847,2415,133
4/30/2020,26041,811,2534,119
5/1/2020,26886,845,2653,119
5/2/2020,27644,758,2767,114
5/3/2020,28375,731,2865,98
5/4/2020,28945,570,2974,109
5/5/2020,29789,844,3059,85
5/6/2020,30665,876,3154,95
5/7/2020,31453,788,3249,95
5/8/2020,32145,692,3332,83
5/9/2020,32751,606,3424,92
5/10/2020,33421,670,3504,80
5/11/2020,33981,560,3596,92
5/12/2020,34610,629,3668,72
5/13/2020,35290,680,3723,55
5/14/2020,36005,715,3811,88
5/15/2020,36699,694,3893,82
5/16/2020,37435,736,3963,70
5/17/2020,38060,625,4025,62
5/18/2020,38605,545,4081,56
5/19/2020,39234,629,4137,56
5/20/2020,39892,658,4206,69
5/21/2020,40546,654,4257,51
5/22/2020,41058,512,4326,69
5/23/2020,41559,501,4388,62
5/24/2020,42101,542,4450,62
5/25/2020,42459,358,4506,56
5/26/2020,42856,397,4569,63
5/27/2020,43267,411,4621,52
5/28/2020,43651,384,4698,77
5/29/2020,44033,382,4758,60
5/30/2020,44400,367,4793,35
5/31/2020,44647,247,4833,40
6/1/2020,44901,254,4871,38
6/2/2020,45130,229,4908,37
6/3/2020,45364,234,4940,32
6/4/2020,45600,236,4955,15
6/5/2020,45836,236,4981,26
6/6/2020,46048,212,5006,25
6/7/2020,46205,157,5025,19
6/8/2020,46323,118,5037,12
6/9/2020,46494,171,5053,16
6/10/2020,46649,155,5065,12
6/11/2020,46790,141,5087,22
6/12/2020,46941,151,5102,15
6/13/2020,47047,106,5116,14
6/14/2020,47131,84,5126,10
6/15/2020,47222,91,5141,15
6/16/2020,47322,100,5151,10
6/17/2020,47437,115,5156,5
6/18/2020,47540,103,5164,8
6/19/2020,47636,96,5172,8
6/20/2020,47725,89,5178,6
6/21/2020,47800,75,5185,7
6/22/2020,47867,67,5195,10
6/23/2020,47944,77,5206,11
6/24/2020,48026,82,5216,10
6/25/2020,48095,69,5222,6
6/26/2020,48156,61,5228,6
6/27/2020,48230,74,5234,6
6/28/2020,48282,52,5237,3
6/29/2020,48315,33,5245,8
6/30/2020,48402,87,5254,9
7/1/2020,48485,83,5259,5
7/2/2020,48555,70,5264,5
7/3/2020,48642,87,5267,3
7/4/2020,48734,92,5273,6
7/5/2020,48787,53,5274,1
7/6/2020,48852,65,5281,7
7/7/2020,48957,105,5284,3
7/8/2020,49080,123,5288,4
7/9/2020,49201,121,5289,1
7/10/2020,49298,97,5291,2
7/11/2020,49406,108,5296,5
7/12/2020,49480,74,5297,1
7/13/2020,49617,137,5301,4
7/14/2020,49740,123,5302,1
7/15/2020,49895,155,5307,5
7/16/2020,50032,137,5310,3
7/17/2020,50209,177,5313,3
7/18/2020,50404,195,5313,0
7/19/2020,50515,111,5314,1
7/20/2020,50659,144,5315,1
7/21/2020,50852,193,5316,1
7/22/2020,51039,187,5320,4
7/23/2020,51200,161,5323,3
7/24/2020,51353,153,5323,0
7/25/2020,51498,145,5325,2
7/26/2020,51604,106,5325,0
7/27/2020,51717,113,5326,1
7/28/2020,51855,138,5327,1
7/29/2020,52028,173,5328,1
7/30/2020,52188,160,5332,4
7/31/2020,52311,123,5333,1
8/1/2020,52434,123,5335,2
8/2/2020,52536,102,5336,1
8/3/2020,52676,140,5337,1
8/4/2020,52824,148,5337,0
8/5/2020,52954,130,5339,2
8/6/2020,53060,106,5344,5
8/7/2020,53184,124,5345,1
8/8/2020,53304,120,5347,2
8/9/2020,53395,91,5348,1
8/10/2020,53477,82,5349,1
8/11/2020,53589,112,5352,3
8/12/2020,53689,100,5356,4
8/13/2020,53772,83,5358,2
8/14/2020,53837,65,5359,1
8/15/2020,53897,60,5362,3
8/16/2020,53945,48,5365,3
8/17/2020,53999,54,5367,2
8/18/2020,54088,89,5367,0
8/19/2020,54181,93,5371,4
8/20/2020,54288,107,5374,3
8/21/2020,54390,102,5377,3
8/22/2020,54479,89,5378,1
8/23/2020,54526,47,5381,3
8/24/2020,54580,54,5383,2
8/25/2020,54706,126,5384,1
8/26/2020,54838,132,5385,1
8/27/2020,54942,104,5385,0
8/28/2020,55073,131,5391,6
8/29/2020,55193,120,5394,3
8/30/2020,55312,119,5394,0
8/31/2020,55445,133,5395,1
9/1/2020,55631,186,5395,0
9/2/2020,55799,168,5396,1
9/3/2020,56017,218,5398,2
9/4/2020,56220,203,5399,1
9/5/2020,56440,220,5402,3
9/6/2020,56633,193,5402,0
9/7/2020,56784,151,5404,2
9/8/2020,56992,208,5404,0
9/9/2020,57241,249,5408,4
9/10/2020,57486,245,5410,2
9/11/2020,57832,346,5410,0
9/12/2020,58163,331,5412,2
9/13/2020,58449,286,5415,3
9/14/2020,58702,253,5419,4
9/15/2020,59027,325,5421,2
9/16/2020,59352,325,5424,3
9/17/2020,59714,362,5427,3
9/18/2020,60210,496,5434,7
9/19/2020,60660,450,5440,6
9/20/2020,61162,502,5443,3
9/21/2020,61672,510,5445,2
9/22/2020,62208,536,5449,4
9/23/2020,62869,661,5453,4
9/24/2020,63607,738,5460,7
9/25/2020,64397,790,5462,2
9/26/2020,65273,876,5468,6
9/27/2020,66195,922,5471,3
9/28/2020,67065,870,5478,7
9/29/2020,68040,975,5486,8
9/30/2020,69110,1070,5495,9
10/1/2020,70225,1115,5503,8
10/2/2020,71531,1306,5509,6
10/3/2020,72571,1040,5519,10
10/4/2020,73493,922,5530,11
10/5/2020,74300,807,5539,9
10/6/2020,75396,1096,5552,13
10/7/2020,76393,997,5568,16
10/8/2020,77495,1102,5577,9
10/9/2020,78557,1062,5584,7
10/10/2020,79522,965,5601,17
10/11/2020,80504,982,5611,10
10/12/2020,81200,696,5619,8
10/13/2020,82226,1026,5631,12
10/14/2020,83406,1180,5648,17
10/15/2020,84580,1174,5657,9
10/16/2020,85831,1251,5679,22
10/17/2020,86727,896,5687,8
10/18/2020,87523,796,5701,14
10/19/2020,88405,882,5721,20
10/20/2020,89468,1063,5731,10
10/21/2020,90441,973,5755,24
10/22/2020,91362,921,5774,19
10/23/2020,92390,1028,5789,15
10/24/2020,93286,896,5807,18
10/25/2020,94181,895,5823,16
10/26/2020,94899,718,5843,20
10/27/2020,95971,1072,5858,15
10/28/2020,96901,930,5881,23
10/29/2020,97917,1016,5897,16
10/30/2020,98892,975,5918,21
10/31/2020,99959,1067,5946,28
11/1/2020,100873,914,5964,18
11/2/2020,101702,829,5976,12
11/3/2020,102769,1067,5994,18
11/4/2020,103911,1142,6015,21
11/5/2020,105248,1337,6032,17
11/6/2020,106510,1262,6058,26
11/7/2020,107783,1273,6077,19
11/8/2020,109000,1217,6105,28
11/9/2020,110301,1301,6132,27
11/10/2020,111567,1266,6162,30
11/11/2020,112828,1261,6189,27
11/12/2020,114224,1396,6224,35
11/13/2020,115640,1416,6244,20
11/14/2020,116778,1138,6272,28
11/15/2020,117888,1110,6296,24
11/16/2020,118921,1033,6322,26
11/17/2020,120185,1264,6351,29
11/18/2020,121433,1248,6381,30
11/19/2020,122617,1184,6410,29
11/20/2020,123762,1145,6430,20
11/21/2020,124853,1091,6453,23
11/22/2020,126128,1275,6484,31
11/23/2020,127115,987,6506,22
11/24/2020,128393,1278,6540,34
11/25/2020,129823,1430,6564,24
11/26/2020,131197,1374,6587,23
11/27/2020,132612,1415,6608,21
11/28/2020,133885,1273,6638,30
11/29/2020,135132,1247,6672,34
11/30/2020,136543,1411,6703,31
12/1/2020,138131,1588,6726,23
12/2/2020,139738,1607,6759,33
12/3/2020,141449,1711,6797,38
12/4/2020,143043,1594,6833,36
12/5/2020,144746,1703,6864,31
12/6/2020,146245,1499,6891,27
12/7/2020,147740,1495,6926,35
12/8/2020,149490,1750,6965,39
12/9/2020,151288,1798,6994,29
12/10/2020,153109,1821,7024,30
12/11/2020,155115,2006,7064,40
12/12/2020,156983,1868,7100,36
12/13/2020,158669,1686,7132,32
12/14/2020,160554,1885,7172,40
12/15/2020,162422,1868,7208,36
12/16/2020,164548,2126,7239,31
12/17/2020,166742,2194,7283,44
12/18/2020,168771,2029,7317,34
12/19/2020,170937,2166,7348,31
12/20/2020,172933,1996,7382,34
12/21/2020,174937,2004,7422,40
12/22/2020,177145,2208,7482,60
12/23/2020,179522,2377,7530,48
12/24/2020,181939,2417,7569,39
12/25/2020,184262,2323,7616,47
12/26/2020,186322,2060,7662,46
12/27/2020,188562,2240,7706,44
12/28/2020,190711,2149,7747,41
12/29/2020,193816,3105,7791,44
12/30/2020,196825,3009,7845,54
12/31/2020,199381,2556,7883,38
1/1/2021,201811,2430,7918,35
1/2/2021,204100,2289,7965,47
1/3/2021,206443,2343,8008,43
1/4/2021,208957,2514,8059,51
1/5/2021,211594,2637,8114,55
1/6/2021,214247,2653,8161,47
1/7/2021,217046,2799,8211,50
1/8/2021,219572,2526,8260,49
1/9/2021,221558,1986,8314,54
1/10/2021,223800,2242,8354,40
1/11/2021,225642,1842,8402,48
1/12/2021,227809,2167,8455,53
1/13/2021,229862,2053,8520,65
1/14/2021,231828,1966,8578,58
1/15/2021,233837,2009,8629,51
1/16/2021,235619,1782,8681,52
1/17/2021,236995,1376,8724,43
1/18/2021,238372,1377,8778,54
1/19/2021,239950,1578,8825,47
1/20/2021,241564,1614,8886,61
1/21/2021,243240,1676,8929,43
1/22/2021,244740,1500,8989,60
1/23/2021,246130,1390,9041,52
1/24/2021,247278,1148,9097,56
1/25/2021,248456,1178,9123,26
1/26/2021,249809,1353,9163,40
1/27/2021,251077,1268,9209,46
1/28/2021,252391,1314,9242,33
1/29/2021,253671,1280,9278,36
1/30/2021,254884,1213,9307,29
1/31/2021,255802,918,9342,35
2/1/2021,256692,890,9365,23
2/2/2021,257872,1180,9401,36
2/3/2021,258980,1108,9435,34
2/4/2021,259987,1007,9470,35
2/5/2021,261222,1235,9496,26
2/6/2021,262302,1080,9520,24
2/7/2021,263123,821,9549,29
2/8/2021,263874,751,9571,22
2/9/2021,264805,931,9599,28
2/10/2021,265959,1154,9623,24
2/11/2021,266932,973,9646,23
2/12/2021,267968,1036,9664,18
2/13/2021,268784,816,9680,16
2/14/2021,269501,717,9699,19
2/15/2021,270169,668,9715,16
2/16/2021,270977,808,9728,13
2/17/2021,271768,791,9743,15
2/18/2021,272627,859,9755,12
2/19/2021,273383,756,9765,10
2/20/2021,274136,753,9781,16
2/21/2021,274930,794,9792,11
2/22/2021,275550,620,9801,9
2/23/2021,276358,808,9814,13
2/24/2021,277200,842,9828,14
2/25/2021,277974,774,9834,6
2/26/2021,278852,878,9844,10
2/27/2021,279518,666,9853,9
2/28/2021,280091,573,9860,7
3/1/2021,280618,527,9869,9
3/2/2021,281443,825,9879,10
3/3/2021,282180,737,9891,12
3/4/2021,283045,865,9901,10
3/5/2021,283782,737,9910,9
3/6/2021,284470,688,9920,10
3/7/2021,285049,579,9928,8
3/8/2021,285645,596,9937,9
3/9/2021,286388,743,9945,8
3/10/2021,287103,715,9955,10
3/11/2021,288025,922,9967,12
3/12/2021,288843,818,9969,2
3/13/2021,289483,640,9978,9
3/14/2021,290054,571,9987,9
3/15/2021,290718,664,10000,13
3/16/2021,291772,1054,10005,5
3/17/2021,292688,916,10010,5
3/18/2021,293514,826,10015,5
3/19/2021,294305,791,10020,5
3/20/2021,294905,600,10030,10
3/21/2021,295396,491,10039,9
3/22/2021,296471,1075,10044,5
3/23/2021,297440,969,10047,3
3/24/2021,298473,1033,10056,9
3/25/2021,299293,820,10066,10
3/26/2021,300192,899,10073,7
3/27/2021,301134,942,10077,4
3/28/2021,301994,860,10081,4
3/29/2021,302980,986,10090,9
3/30/2021,304244,1264,10099,9
3/31/2021,305395,1151,10105,6
4/1/2021,306700,1305,10113,8
4/2/2021,308031,1331,10120,7
4/3/2021,309275,1244,10124,4
4/4/2021,310383,1108,10131,7
4/5/2021,311603,1220,10141,10
4/6/2021,313545,1942,10145,4
4/7/2021,315157,1612,10151,6
4/8/2021,317429,2272,10163,12
4/9/2021,319332,1903,10169,6
4/10/2021,320990,1658,10177,8
4/11/2021,322403,1413,10187,10
4/12/2021,323821,1418,10194,7
4/13/2021,325363,1542,10206,12
4/14/2021,326918,1555,10215,9
4/15/2021,328600,1682,10221,6
4/16/2021,330032,1432,10235,14
4/17/2021,331262,1230,10248,13
4/18/2021,332318,1056,10259,11
4/19/2021,333472,1154,10270,11
4/20/2021,334745,1273,10277,7
4/21/2021,335880,1135,10280,3
4/22/2021,336937,1057,10296,16
4/23/2021,338171,1234,10307,11
4/24/2021,339011,840,10321,14
4/25/2021,339915,904,10331,10
4/26/2021,340952,1037,10342,11
4/27/2021,342056,1104,10355,13
4/28/2021,343196,1140,10367,12
4/29/2021,344296,1100,10379,12
4/30/2021,345409,1113,10391,12
5/1/2021,346304,895,10399,8
5/2/2021,347140,836,10407,8
5/3/2021,347995,855,10411,4
5/4/2021,348880,885,10419,8
5/5/2021,349807,927,10421,2
5/6/2021,350822,1015,10427,6
5/7/2021,351844,1022,10434,7
5/8/2021,352562,718,10441,7
5/9/2021,353245,683,10448,7
5/10/2021,353974,729,10452,4
5/11/2021,354792,818,10459,7
5/12/2021,355659,867,10467,8
5/13/2021,356551,892,10474,7
5/14/2021,357437,886,10479,5
5/15/2021,358063,626,10487,8
5/16/2021,358602,539,10493,6
5/17/2021,359164,562,10505,12
5/18/2021,359782,618,10511,6
5/19/2021,360568,786,10519,8
5/20/2021,361186,618,10523,4
5/21/2021,361777,591,10531,8
5/22/2021,362208,431,10538,7
5/23/2021,362584,376,10545,7
5/24/2021,362964,380,10549,4
5/25/2021,363423,459,10553,4
5/26/2021,363875,452,10558,5
5/27/2021,364303,428,10561,3
5/28/2021,364679,376,10565,4
5/29/2021,364996,317,10571,6
5/30/2021,365233,237,10571,0
5/31/2021,365500,267,10576,5
6/1/2021,365802,302,10583,7
6/2/2021,366100,298,10588,5
6/3/2021,366369,269,10592,4
6/4/2021,366602,233,10595,3
6/5/2021,366801,199,10600,5
6/6/2021,366966,165,10604,4
6/7/2021,367127,161,10609,5
6/8/2021,367331,204,10611,2
6/9/2021,367584,253,10613,2
6/10/2021,367789,205,10615,2
6/11/2021,367953,164,10618,3
6/12/2021,368095,142,10619,1
6/13/2021,368217,122,10623,4
6/14/2021,368330,113,10625,2
6/15/2021,368497,167,10625,0
6/16/2021,368666,169,10628,3
6/17/2021,368845,179,10630,2
6/18/2021,368980,135,10631,1
6/19/2021,369073,93,10633,2
6/20/2021,369170,97,10635,2
6/21/2021,369272,102,10637,2
6/22/2021,369382,110,10638,1
6/23/2021,369468,86,10640,2
6/24/2021,369549,81,10642,2
6/25/2021,369650,101,10644,2
6/26/2021,369725,75,10645,1
6/27/2021,369780,55,10647,2
6/28/2021,369875,95,10649,2
6/29/2021,369984,109,10651,2
6/30/2021,370062,78,10652,1
7/1/2021,370135,73,10655,3
7/2/2021,370188,53,10656,1
7/3/2021,370240,52,10657,1
7/4/2021,370277,37,10658,1
7/5/2021,370372,95,10659,1
7/6/2021,370452,80,10659,0
7/7/2021,370551,99,10659,0
7/8/2021,370613,62,10659,0
7/9/2021,370678,65,10661,2
7/10/2021,370742,64,10662,1
7/11/2021,370802,60,10664,2
7/12/2021,370854,52,10664,0
7/13/2021,370942,88,10666,2
7/14/2021,371027,85,10666,0
7/15/2021,371125,98,10667,1
7/16/2021,371206,81,10667,0
7/17/2021,371279,73,10667,0
7/18/2021,371338,59,10668,1
7/19/2021,371431,93,10668,0
7/20/2021,371542,111,10669,1
7/21/2021,371636,94,10670,1
7/22/2021,371767,131,10674,4
7/23/2021,371881,114,10675,1
7/24/2021,371978,97,10675,0
7/25/2021,372044,66,10676,1
7/26/2021,372167,123,10677,1
7/27/2021,372286,119,10677,0
7/28/2021,372418,132,10677,0
7/29/2021,372568,150,10677,0
7/30/2021,372738,170,10677,0
7/31/2021,372896,158,10678,1
8/1/2021,373032,136,10678,0
8/2/2021,373209,177,10678,0
8/3/2021,373413,204,10679,1
8/4/2021,373688,275,10679,0
8/5/2021,373974,286,10679,0
8/6/2021,374240,266,10679,0
8/7/2021,374508,268,10680,1
8/8/2021,374725,217,10681,1
8/9/2021,375009,284,10682,1
8/10/2021,375399,390,10682,0
8/11/2021,375790,391,10682,0
8/12/2021,376199,409,10682,0
8/13/2021,376600,401,10683,1
8/14/2021,377017,417,10683,0
8/15/2021,377347,330,10685,2
8/16/2021,377757,410,10686,1
8/17/2021,378181,424,10686,0
8/18/2021,378674,493,10687,1
8/19/2021,379278,604,10687,0
8/20/2021,379803,525,10687,0
8/21/2021,380186,383,10690,3
8/22/2021,380518,332,10690,0
8/23/2021,380931,413,10690,0
8/24/2021,381468,537,10691,1
8/25/2021,382115,647,10693,2
8/26/2021,382756,641,10693,0
8/27/2021,383261,505,10693,0
8/28/2021,383764,503,10693,0
8/29/2021,384182,418,10696,3
8/30/2021,384752,570,10698,2
8/31/2021,385458,706,10701,3
9/1/2021,386169,711,10702,1
9/2/2021,386929,760,10702,0
9/3/2021,387583,654,10706,4
9/4/2021,388214,631,10707,1
9/5/2021,388699,485,10707,0
9/6/2021,389300,601,10711,4
9/7/2021,389930,630,10713,2
9/8/2021,390695,765,10715,2
9/9/2021,391656,961,10717,2
9/10/2021,392535,879,10719,2
9/11/2021,393191,656,10722,3
9/12/2021,393807,616,10725,3
9/13/2021,394486,679,10729,4
9/14/2021,395235,749,10731,2
9/15/2021,396069,834,10736,5
9/16/2021,396888,819,10739,3
9/17/2021,397697,809,10747,8
9/18/2021,398338,641,10749,2
9/19/2021,398961,623,10756,7
9/20/2021,399605,644,10760,4
9/21/2021,400219,614,10764,4
9/22/2021,401002,783,10768,4
9/23/2021,401723,721,10770,2
9/24/2021,402503,780,10775,5
9/25/2021,403084,581,10777,2
9/26/2021,403577,493,10779,2
9/27/2021,404076,499,10786,7
9/28/2021,404642,566,10789,3
9/29/2021,405352,710,10794,5
9/30/2021,405939,587,10799,5
10/1/2021,406563,624,10803,4
10/2/2021,406959,396,10807,4
10/3/2021,407398,439,10811,4
10/4/2021,407876,478,10813,2
10/5/2021,408410,534,10816,3
10/6/2021,409023,613,10824,8
10/7/2021,409651,628,10826,2
10/8/2021,410249,598,10830,4
10/9/2021,410779,530,10836,6
10/10/2021,411200,421,10841,5
10/11/2021,411632,432,10845,4
10/12/2021,412215,583,10849,4
10/13/2021,412856,641,10853,4
10/14/2021,413545,689,10859,6
10/15/2021,414337,792,10865,6
10/16/2021,414764,427,10869,4
10/17/2021,415114,350,10873,4
10/18/2021,415535,421,10876,3
10/19/2021,416034,499,10879,3
10/20/2021,416445,411,10888,9
10/21/2021,416856,411,10896,8
10/22/2021,417303,447,10900,4
10/23/2021,417679,376,10907,7
10/24/2021,418021,342,10909,2
10/25/2021,418400,379,10910,1
10/26/2021,418853,453,10913,3
10/27/2021,419327,474,10917,4
10/28/2021,419883,556,10919,2
10/29/2021,420425,542,10923,4
10/30/2021,420963,538,10928,5
10/31/2021,421454,491,10933,5
11/1/2021,421938,484,10936,3
11/2/2021,422473,535,10937,1
11/3/2021,423114,641,10938,1
11/4/2021,423781,667,10941,3
11/5/2021,424378,597,10946,5
11/6/2021,424964,586,10949,3
11/7/2021,425466,502,10953,4
11/8/2021,425991,525,10957,4
11/9/2021,426714,723,10960,3
11/10/2021,427391,677,10964,4
11/11/2021,428090,699,10967,3
11/12/2021,428806,716,10972,5
11/13/2021,429317,511,10973,1
11/14/2021,429859,542,10974,1
11/15/2021,430452,593,10974,0
11/16/2021,431159,707,10975,1
11/17/2021,431952,793,10979,4
11/18/2021,432672,720,10981,2
11/19/2021,433438,766,10986,5
11/20/2021,434162,724,10991,5
11/21/2021,434824,662,10991,0
11/22/2021,435564,740,10992,1
11/23/2021,436449,885,10997,5
11/24/2021,437437,988,10999,2
11/25/2021,438610,1173,11001,2
11/26/2021,439618,1008,11004,3
11/27/2021,440435,817,11006,2
11/28/2021,441154,719,11008,2
11/29/2021,442076,922,11011,3
11/30/2021,443188,1112,11014,3
12/1/2021,444479,1291,11018,4
12/2/2021,445942,1463,11020,2
12/3/2021,447335,1393,11021,1
12/4/2021,448593,1258,11028,7
12/5/2021,449745,1152,11031,3
12/6/2021,451037,1292,11032,1
12/7/2021,452594,1557,11037,5
12/8/2021,454581,1987,11040,3
12/9/2021,456562,1981,11044,4
12/10/2021,458591,2029,11048,4
12/11/2021,460306,1715,11054,6
12/12/2021,461948,1642,11061,7
12/13/2021,464112,2164,11065,4
12/14/2021,466785,2673,11070,5
12/15/2021,470145,3360,11076,6
12/16/2021,474183,4038,11081,5
12/17/2021,478508,4325,11088,7
12/18/2021,483212,4704,11093,5
12/19/2021,487616,4404,11099,6
12/20/2021,494198,6582,11104,5
12/21/2021,502480,8282,11111,7
12/22/2021,513879,11399,11115,4
12/23/2021,525672,11793,11120,5
12/24/2021,537318,11646,11124,4
12/25/2021,547900,10582,11141,17
12/26/2021,558404,10504,11152,11
12/27/2021,571850,13446,11160,8
12/28/2021,587322,15472,11168,8
12/29/2021,606097,18775,11179,11
12/30/2021,624780,18683,11194,15
12/31/2021,641773,16993,11220,26
1/1/2022,656571,14798,11248,28
1/2/2022,670701,14130,11277,29
1/3/2022,684732,14031,11303,26
1/4/2022,702391,17659,11333,30
1/5/2022,720310,17919,11361,28
1/6/2022,736715,16405,11407,46
1/7/2022,750514,13799,11448,41
1/8/2022,759800,9286,11497,49
1/9/2022,768025,8225,11559,62
1/10/2022,775446,7421,11615,56
1/11/2022,782888,7442,11671,56
1/12/2022,789803,6915,11746,75
1/13/2022,796179,6376,11806,60
1/14/2022,801693,5514,11861,55
1/15/2022,806896,5203,11913,52
1/16/2022,811153,4257,11972,59
1/17/2022,815748,4595,12057,85
1/18/2022,820957,5209,12137,80
1/19/2022,825889,4932,12209,72
1/20/2022,830407,4518,12273,64
1/21/2022,834432,4025,12329,56
1/22/2022,837680,3248,12395,66
1/23/2022,840436,2756,12453,58
1/24/2022,843899,3463,12515,62
1/25/2022,848074,4175,12569,54
1/26/2022,851745,3671,12622,53
1/27/2022,855347,3602,12680,58
1/28/2022,858604,3257,12733,53
1/29/2022,861291,2687,12774,41
1/30/2022,863807,2516,12810,36
1/31/2022,866963,3156,12865,55
2/1/2022,870772,3809,12908,43
2/2/2022,874304,3532,12942,34
2/3/2022,877215,2911,12977,35
2/4/2022,880095,2880,13025,48
2/5/2022,882335,2240,13059,34
2/6/2022,884446,2111,13091,32
2/7/2022,887380,2934,13133,42
2/8/2022,890445,3065,13167,34
2/9/2022,893114,2669,13194,27
2/10/2022,895539,2425,13222,28
2/11/2022,897668,2129,13252,30
2/12/2022,899234,1566,13289,37
2/13/2022,900809,1575,13323,34
2/14/2022,902743,1934,13345,22
2/15/2022,904725,1982,13366,21
2/16/2022,906619,1894,13388,22
2/17/2022,908329,1710,13410,22
2/18/2022,909806,1477,13423,13
2/19/2022,910976,1170,13444,21
2/20/2022,912156,1180,13458,14
2/21/2022,913775,1619,13471,13
2/22/2022,915409,1634,13485,14
2/23/2022,916863,1454,13502,17
2/24/2022,918178,1315,13515,13
2/25/2022,919222,1044,13529,14
2/26/2022,920173,951,13548,19
2/27/2022,921083,910,13563,15
2/28/2022,922371,1288,13580,17
3/1/2022,923570,1199,13597,17
3/2/2022,924713,1143,13611,14
3/3/2022,925931,1218,13627,16
3/4/2022,926978,1047,13652,25
3/5/2022,927785,807,13660,8
3/6/2022,928569,784,13673,13
3/7/2022,929861,1292,13683,10
3/8/2022,931188,1327,13700,17
3/9/2022,932419,1231,13704,4
3/10/2022,933528,1109,13714,10
3/11/2022,934528,1000,13724,10
3/12/2022,935273,745,13749,25
3/13/2022,935992,719,13760,11
3/14/2022,937294,1302,13771,11
3/15/2022,938720,1426,13785,14
3/16/2022,940226,1506,13800,15
3/17/2022,941576,1350,13809,9
3/18/2022,942785,1209,13820,11
3/19/2022,943731,946,13823,3
3/20/2022,944817,1086,13837,14
3/21/2022,946524,1707,13842,5
3/22/2022,948800,2276,13852,10
3/23/2022,951176,2376,13860,8
3/24/2022,953376,2200,13875,15
3/25/2022,955515,2139,13887,12
3/26/2022,957151,1636,13892,5
3/27/2022,958921,1770,13902,10
3/28/2022,961818,2897,13911,9
3/29/2022,964960,3142,13923,12
3/30/2022,968511,3551,13930,7
3/31/2022,971609,3098,13945,15
4/1/2022,974618,3009,13953,8
4/2/2022,977010,2392,13967,14
4/3/2022,979302,2292,13985,18
4/4/2022,982741,3439,14008,23
4/5/2022,986511,3770,14028,20
4/6/2022,990077,3566,14041,13
4/7/2022,993676,3599,14053,12
4/8/2022,996653,2977,14075,22
4/9/2022,999275,2622,14094,19
4/10/2022,1001738,2463,14113,19
4/11/2022,1004668,2930,14138,25
4/12/2022,1008246,3578,14153,15
4/13/2022,1011715,3469,14179,26
4/14/2022,1014661,2946,14204,25
4/15/2022,1017002,2341,14232,28
4/16/2022,1018811,1809,14255,23
4/17/2022,1020443,1632,14279,24
4/18/2022,1022542,2099,14302,23
4/19/2022,1025330,2788,14330,28
4/20/2022,1028289,2959,14361,31
4/21/2022,1030705,2416,14383,22
4/22/2022,1032838,2133,14403,20
4/23/2022,1034269,1431,14426,23
4/24/2022,1035726,1457,14447,21
4/25/2022,1037712,1986,14476,29
4/26/2022,1039674,1962,14513,37
4/27/2022,1041486,1812,14544,31
4/28/2022,1043256,1770,14559,15
4/29/2022,1044700,1444,14576,17
4/30/2022,1045746,1046,14593,17
5/1/2022,1046667,921,14610,17
5/2/2022,1048219,1552,14628,18
5/3/2022,1049815,1596,14644,16
5/4/2022,1051120,1305,14661,17
5/5/2022,1052371,1251,14679,18
5/6/2022,1053421,1050,14695,16
5/7/2022,1054157,736,14709,14
5/8/2022,1054878,721,14731,22
5/9/2022,1055845,967,14751,20
5/10/2022,1056968,1123,14762,11
5/11/2022,1057909,941,14777,15
5/12/2022,1058767,858,14794,17
5/13/2022,1059549,782,14805,11
5/14/2022,1060154,605,14821,16
5/15/2022,1060693,539,14832,11
5/16/2022,1061431,738,14839,7
5/17/2022,1062141,710,14847,8
5/18/2022,1062784,643,14857,10
5/19/2022,1063342,558,14862,5
5/20/2022,1063872,530,14871,9
5/21/2022,1064264,392,14877,6
5/22/2022,1064670,406,14886,9
5/23/2022,1065246,576,14894,8
5/24/2022,1065928,682,14900,6
5/25/2022,1066626,698,14906,6
5/26/2022,1067216,590,14914,8
5/27/2022,1067750,534,14921,7
5/28/2022,1068184,434,14926,5
5/29/2022,1068607,423,14928,2
5/30/2022,1069299,692,14933,5
5/31/2022,1070019,720,14936,3
6/1/2022,1070814,795,14942,6
6/2/2022,1071419,605,14948,6
6/3/2022,1071922,503,14957,9
6/4/2022,1072372,450,14962,5
6/5/2022,1072828,456,14963,1
6/6/2022,1073626,798,14966,3
6/7/2022,1074354,728,14970,4
6/8/2022,1075168,814,14971,1
6/9/2022,1075930,762,14977,6
6/10/2022,1076560,630,14986,9
6/11/2022,1077078,518,14992,6
6/12/2022,1077611,533,14996,4
6/13/2022,1078483,872,14999,3
6/14/2022,1079322,839,15004,5
6/15/2022,1080299,977,15008,4
6/16/2022,1081198,899,15012,4
6/17/2022,1081966,768,15014,2
6/18/2022,1082624,658,15019,5
6/19/2022,1083233,609,15024,5
6/20/2022,1084322,1089,15032,8
6/21/2022,1085494,1172,15037,5
6/22/2022,1086849,1355,15043,6
6/23/2022,1087957,1108,15047,4
6/24/2022,1088880,923,15052,5
6/25/2022,1089709,829,15053,1
6/26/2022,1090574,865,15063,10
6/27/2022,1092209,1635,15065,2
6/28/2022,1093980,1771,15075,10
6/29/2022,1095705,1725,15078,3
6/30/2022,1097359,1654,15085,7
7/1/2022,1098556,1197,15089,4
7/2/2022,1099701,1145,15100,11
7/3/2022,1100842,1141,15106,6
7/4/2022,1102913,2071,15110,4
7/5/2022,1104817,1904,15122,12
7/6/2022,1106838,2021,15131,9
7/7/2022,1108633,1795,15138,7
7/8/2022,1110160,1527,15146,8
7/9/2022,1111394,1234,15156,10
7/10/2022,1112638,1244,15172,16
7/11/2022,1114654,2016,15186,14
7/12/2022,1116858,2204,15203,17
7/13/2022,1119194,2336,15222,19
7/14/2022,1121108,1914,15239,17
7/15/2022,1123111,2003,15258,19
7/16/2022,1124637,1526,15280,22
7/17/2022,1126039,1402,15294,14
7/18/2022,1128184,2145,15305,11
7/19/2022,1130587,2403,15317,12
7/20/2022,1132667,2080,15335,18
7/21/2022,1134618,1951,15356,21
7/22/2022,1136224,1606,15368,12
7/23/2022,1137507,1283,15383,15
7/24/2022,1138785,1278,15401,18
7/25/2022,1140585,1800,15416,15
7/26/2022,1142387,1802,15432,16
7/27/2022,1143961,1574,15441,9
7/28/2022,1145422,1461,15453,12
7/29/2022,1146762,1340,15463,10
7/30/2022,1147743,981,15474,11
7/31/2022,1148713,970,15480,6
8/1/2022,1150099,1386,15499,19
8/2/2022,1151546,1447,15519,20
8/3/2022,1152887,1341,15536,17
8/4/2022,1153929,1042,15546,10
8/5/2022,1155026,1097,15561,15
8/6/2022,1155812,786,15578,17
8/7/2022,1156600,788,15588,10
8/8/2022,1157871,1271,15605,17
8/9/2022,1159007,1136,15617,12
8/10/2022,1160178,1171,15626,9
8/11/2022,1161371,1193,15636,10
8/12/2022,1162290,919,15645,9
8/13/2022,1163069,779,15656,11
8/14/2022,1163784,715,15671,15
8/15/2022,1165008,1224,15681,10
8/16/2022,1166271,1263,15691,10
8/17/2022,1167394,1123,15706,15
8/18/2022,1168392,998,15714,8
8/19/2022,1169256,864,15723,9
8/20/2022,1169943,687,15738,15
8/21/2022,1170589,646,15755,17
8/22/2022,1171537,948,15768,13
8/23/2022,1172562,1025,15782,14
8/24/2022,1173467,905,15795,13
8/25/2022,1174237,770,15804,9
8/26/2022,1174998,761,15813,9
8/27/2022,1175569,571,15830,17
8/28/2022,1176058,489,15839,9
8/29/2022,1176862,804,15850,11
8/30/2022,1177819,957,15860,10
8/31/2022,1178663,844,15872,12
9/1/2022,1179465,802,15878,6
9/2/2022,1180128,663,15883,5
9/3/2022,1180606,478,15890,7
9/4/2022,1181061,455,15894,4
9/5/2022,1181676,615,15904,10
9/6/2022,1182593,917,15907,3
9/7/2022,1183460,867,15913,6
9/8/2022,1184330,870,15921,8
9/9/2022,1184982,652,15929,8
9/10/2022,1185561,579,15937,8
9/11/2022,1186127,566,15948,11
9/12/2022,1187046,919,15958,10
9/13/2022,1187892,846,15964,6
9/14/2022,1188670,778,15972,8
9/15/2022,1189423,753,15974,2
9/16/2022,1190055,632,15978,4
9/17/2022,1190519,464,15982,4
9/18/2022,1191120,601,15988,6
9/19/2022,1192048,928,15992,4
9/20/2022,1192961,913,16000,8
9/21/2022,1193812,851,16004,4
9/22/2022,1194680,868,16008,4
9/23/2022,1195450,770,16018,10
9/24/2022,1196086,636,16023,5
9/25/2022,1196689,603,16029,6
9/26/2022,1197659,970,16039,10
9/27/2022,1198741,1082,16042,3
9/28/2022,1199772,1031,16051,9
9/29/2022,1200665,893,16055,4
9/30/2022,1201547,882,16061,6
10/1/2022,1202150,603,16071,10
10/2/2022,1202873,723,16083,12
10/3/2022,1203828,955,16090,7
10/4/2022,1204934,1106,16096,6
10/5/2022,1205911,977,16102,6
10/6/2022,1206942,1031,16117,15
10/7/2022,1207873,931,16128,11
10/8/2022,1208501,628,16133,5
10/9/2022,1209207,706,16143,10
10/10/2022,1209987,780,16149,6
10/11/2022,1211088,1101,16157,8
10/12/2022,1212325,1237,16168,11
10/13/2022,1213383,1058,16179,11
10/14/2022,1214399,1016,16184,5
10/15/2022,1215108,709,16193,9
10/16/2022,1215756,648,16202,9
10/17/2022,1216809,1053,16211,9
10/18/2022,1217890,1081,16218,7
10/19/2022,1218917,1027,16228,10
10/20/2022,1219822,905,16239,11
10/21/2022,1220584,762,16249,10
10/22/2022,1221175,591,16268,19
10/23/2022,1221771,596,16282,14
10/24/2022,1222837,1066,16296,14
10/25/2022,1223848,1011,16306,10
10/26/2022,1224837,989,16319,13
10/27/2022,1225771,934,16328,9
10/28/2022,1226606,835,16338,10
10/29/2022,1227155,549,16351,13
10/30/2022,1227713,558,16367,16
10/31/2022,1228608,895,16377,10
11/1/2022,1229641,1033,16385,8
11/2/2022,1230508,867,16397,12
11/3/2022,1231441,933,16414,17
11/4/2022,1232256,815,16426,12
11/5/2022,1232861,605,16433,7
11/6/2022,1233497,636,16444,11
11/7/2022,1234423,926,16453,9
11/8/2022,1235335,912,16463,10
11/9/2022,1236224,889,16468,5
11/10/2022,1236951,727,16477,9
11/11/2022,1237623,672,16485,8
11/12/2022,1238142,519,16497,12
11/13/2022,1238665,523,16504,7
11/14/2022,1239479,814,16512,8
11/15/2022,1240513,1034,16521,9
11/16/2022,1241352,839,16533,12
11/17/2022,1242147,795,16541,8
11/18/2022,1242856,709,16549,8
11/19/2022,1243466,610,16564,15
11/20/2022,1244084,618,16573,9
11/21/2022,1245056,972,16583,10
11/22/2022,1246130,1074,16594,11
11/23/2022,1247159,1029,16601,7
11/24/2022,1248101,942,16608,7
11/25/2022,1248954,853,16634,26
11/26/2022,1249655,701,16647,13
11/27/2022,1250405,750,16655,8
11/28/2022,1251561,1156,16661,6
11/29/2022,1252849,1288,16671,10
11/30/2022,1254163,1314,16680,9
12/1/2022,1255148,985,16697,17
12/2/2022,1256144,996,16708,11
12/3/2022,1256947,803,16723,15
12/4/2022,1257666,719,16734,11
12/5/2022,1258861,1195,16750,16
12/6/2022,1260209,1348,16763,13
12/7/2022,1261436,1227,16782,19
12/8/2022,1262537,1101,16795,13
12/9/2022,1263502,965,16811,16
12/10/2022,1264323,821,16826,15
12/11/2022,1265088,765,16841,15
12/12/2022,1266254,1166,16855,14
12/13/2022,1267567,1313,16869,14
12/14/2022,1268929,1362,16883,14
12/15/2022,1270148,1219,16891,8
12/16/2022,1271208,1060,16903,12
12/17/2022,1272070,862,16917,14
12/18/2022,1272950,880,16931,14
12/19/2022,1274236,1286,16941,10
12/20/2022,1275694,1458,16958,17
12/21/2022,1276910,1216,16969,11
12/22/2022,1277901,991,16990,21
12/23/2022,1278666,765,17003,13
12/24/2022,1279178,512,17025,22
12/25/2022,1279648,470,17038,13
12/26/2022,1280416,768,17052,14
12/27/2022,1281386,970,17067,15
12/28/2022,1282527,1141,17081,14
12/29/2022,1283731,1204,17097,16
12/30/2022,1284549,818,17114,17
12/31/2022,1285159,610,17131,17
1/1/2023,1285611,452,17141,10
1/2/2023,1286404,793,17156,15
1/3/2023,1287333,929,17166,10
1/4/2023,1288430,1097,17180,14
1/5/2023,1289314,884,17195,15
1/6/2023,1290084,770,17219,24
1/7/2023,1290634,550,17228,9
1/8/2023,1291218,584,17244,16
1/9/2023,1292009,791,17257,13
1/10/2023,1292716,707,17270,13
1/11/2023,1293458,742,17283,13
1/12/2023,1294090,632,17294,11
1/13/2023,1294578,488,17307,13
1/14/2023,1295026,448,17315,8
1/15/2023,1295509,483,17326,11
1/16/2023,1296164,655,17337,11
1/17/2023,1296801,637,17346,9
1/18/2023,1297355,554,17358,12
1/19/2023,1297885,530,17369,11
1/20/2023,1298338,453,17383,14
1/21/2023,1298656,318,17390,7
1/22/2023,1298993,337,17398,8
1/23/2023,1299528,535,17411,13
1/24/2023,1300059,531,17418,7
1/25/2023,1300570,511,17429,11
1/26/2023,1300989,419,17438,9
1/27/2023,1301405,416,17448,10
1/28/2023,1301721,316,17455,7
1/29/2023,1302059,338,17464,9
1/30/2023,1302593,534,17469,5
1/31/2023,1303175,582,17471,2
2/1/2023,1303717,542,17475,4
2/2/2023,1304249,532,17479,4
2/3/2023,1304657,408,17487,8
2/4/2023,1304953,296,17494,7
2/5/2023,1305341,388,17502,8
2/6/2023,1305929,588,17508,6
2/7/2023,1306544,615,17516,8
2/8/2023,1307134,590,17523,7
2/9/2023,1307668,534,17528,5
2/10/2023,1308174,506,17535,7
2/11/2023,1308576,402,17544,9
2/12/2023,1308955,379,17553,9
2/13/2023,1309544,589,17561,8
2/14/2023,1310129,585,17570,9
2/15/2023,1310683,554,17577,7
2/16/2023,1311164,481,17585,8
2/17/2023,1311580,416,17593,8
2/18/2023,1311977,397,17599,6
2/19/2023,1312339,362,17603,4
2/20/2023,1312953,614,17611,8
2/21/2023,1313528,575,17614,3
2/22/2023,1314010,482,17621,7
2/23/2023,1314496,486,17628,7
2/24/2023,1314953,457,17630,2
2/25/2023,1315281,328,17641,11
2/26/2023,1315650,369,17644,3
2/27/2023,1316168,518,17650,6
2/28/2023,1316789,621,17658,8
3/1/2023,1317336,547,17662,4
3/2/2023,1317791,455,17667,5
3/3/2023,1318219,428,17671,4
3/4/2023,1318512,293,17678,7
3/5/2023,1318840,328,17685,7
3/6/2023,1319385,545,17689,4
3/7/2023,1319899,514,17695,6
3/8/2023,1320349,450,17702,7
3/9/2023,1320774,425,17712,10
3/10/2023,1321165,391,17723,11
3/11/2023,1321438,273,17729,6
3/12/2023,1321721,283,17737,8
3/13/2023,1322203,482,17742,5
3/14/2023,1322673,470,17743,1
3/15/2023,1323098,425,17750,7
3/16/2023,1323498,400,17757,7
3/17/2023,1323906,408,17763,6
3/18/2023,1324191,285,17771,8
3/19/2023,1324468,277,17773,2
3/20/2023,1324918,450,17777,4
3/21/2023,1325355,437,17783,6
3/22/2023,1325776,421,17783,0
3/23/2023,1326134,358,17788,5
3/24/2023,1326486,352,17792,4
3/25/2023,1326772,286,17796,4
3/26/2023,1327020,248,17798,2
3/27/2023,1327454,434,17807,9
3/28/2023,1327864,410,17812,5
3/29/2023,1328306,442,17816,4
3/30/2023,1328672,366,17822,6
3/31/2023,1329011,339,17829,7
4/1/2023,1329290,279,17834,5
4/2/2023,1329566,276,17837,3
4/3/2023,1329991,425,17844,7
4/4/2023,1330431,440,17849,5
4/5/2023,1330814,383,17851,2
4/6/2023,1331223,409,17857,6
4/7/2023,1331557,334,17866,9
4/8/2023,1331812,255,17869,3
4/9/2023,1332058,246,17875,6
4/10/2023,1332399,341,17879,4
4/11/2023,1332872,473,17884,5
4/12/2023,1333374,502,17889,5
4/13/2023,1333850,476,17892,3
4/14/2023,1334260,410,17895,3
4/15/2023,1334493,233,17899,4
4/16/2023,1334787,294,17908,9
4/17/2023,1335241,454,17911,3
4/18/2023,1335669,428,17917,6
4/19/2023,1336026,357,17922,5
4/20/2023,1336347,321,17928,6
4/21/2023,1336694,347,17931,3
4/22/2023,1336965,271,17934,3
4/23/2023,1337189,224,17939,5
4/24/2023,1337638,449,17946,7
4/25/2023,1337992,354,17949,3
4/26/2023,1338321,329,17952,3
4/27/2023,1338632,311,17962,10
4/28/2023,1338906,274,17965,3
4/29/2023,1339138,232,17966,1
4/30/2023,1339344,206,17968,2
5/1/2023,1339754,410,17974,6
5/2/2023,1340110,356,17978,4
5/3/2023,1340391,281,17982,4
5/4/2023,1340638,247,17986,4
5/5/2023,1340876,238,17986,0
5/6/2023,1341084,208,17992,6
5/7/2023,1341250,166,17995,3
5/8/2023,1341548,298,18000,5
5/9/2023,1341785,237,18002,2
5/10/2023,1342031,246,18003,1
5/11/2023,1342293,262,18004,1
5/12/2023,1342530,237,18006,2
5/13/2023,1342688,158,18009,3
5/14/2023,1342862,174,18011,2
5/15/2023,1343145,283,18013,2
5/16/2023,1343406,261,18014,1
5/17/2023,1343647,241,18018,4
5/18/2023,1343841,194,18020,2
5/19/2023,1344072,231,18023,3
5/20/2023,1344225,153,18026,3
5/21/2023,1344364,139,18028,2
5/22/2023,1344536,172,18033,5
5/23/2023,1344806,270,18036,3
5/24/2023,1345048,242,18045,9
5/25/2023,1345254,206,18048,3
5/26/2023,1345436,182,18054,6
5/27/2023,1345572,136,18059,5
5/28/2023,1345708,136,18065,6
5/29/2023,1345932,224,18072,7
5/30/2023,1346165,233,18076,4
5/31/2023,1346367,202,18081,5
6/1/2023,1346554,187,18087,6
6/2/2023,1346752,198,18091,4
6/3/2023,1346884,132,18091,0
6/4/2023,1346992,108,18092,1
6/5/2023,1347162,170,18093,1
6/6/2023,1347343,181,18098,5
6/7/2023,1347493,150,18102,4
6/8/2023,1347630,137,18108,6
6/9/2023,1347775,145,18109,1
6/10/2023,1347887,112,18112,3
6/11/2023,1347983,96,18115,3
6/12/2023,1348147,164,18116,1
6/13/2023,1348266,119,18117,1
6/14/2023,1348389,123,18119,2
6/15/2023,1348518,129,18120,1
6/16/2023,1348605,87,18121,1
6/17/2023,1348687,82,18122,1
6/18/2023,1348750,63,18122,0
6/19/2023,1348857,107,18125,3
6/20/2023,1348963,106,18127,2
6/21/2023,1349086,123,18130,3
6/22/2023,1349181,95,18131,1
6/23/2023,1349259,78,18131,0
6/24/2023,1349324,65,18136,5
6/25/2023,1349396,72,18138,2
6/26/2023,1349523,127,18140,2
6/27/2023,1349629,106,18143,3
6/28/2023,1349729,100,18145,2
6/29/2023,1349809,80,18145,0
6/30/2023,1349891,82,18146,1
7/1/2023,1349966,75,18151,5
7/2/2023,1350035,69,18151,0
7/3/2023,1350145,110,18154,3
7/4/2023,1350245,100,18154,0
7/5/2023,1350349,104,18155,1
7/6/2023,1350436,87,18155,0
7/7/2023,1350519,83,18155,0
7/8/2023,1350588,69,18156,1
7/9/2023,1350649,61,18157,1
7/10/2023,1350742,93,18157,0
7/11/2023,1350843,101,18158,1
7/12/2023,1350943,100,18159,1
7/13/2023,1351046,103,18164,5
7/14/2023,1351156,110,18164,0
7/15/2023,1351214,58,18164,0
7/16/2023,1351271,57,18165,1
7/17/2023,1351387,116,18165,0
7/18/2023,1351483,96,18167,2
7/19/2023,1351573,90,18168,1
7/20/2023,1351664,91,18168,0
7/21/2023,1351775,111,18169,1
7/22/2023,1351854,79,18174,5
7/23/2023,1351904,50,18176,2
7/24/2023,1352005,101,18178,2
7/25/2023,1352128,123,18181,3
7/26/2023,1352261,133,18185,4
7/27/2023,1352375,114,18185,0
7/28/2023,1352473,98,18187,2
7/29/2023,1352550,77,18188,1
7/30/2023,1352637,87,18190,2
7/31/2023,1352762,125,18192,2
8/1/2023,1352903,141,18193,1
8/2/2023,1353040,137,18195,2
8/3/2023,1353176,136,18197,2
8/4/2023,1353326,150,18200,3
8/5/2023,1353453,127,18204,4
8/6/2023,1353559,106,18207,3
8/7/2023,1353767,208,18207,0
8/8/2023,1353974,207,18212,5
8/9/2023,1354193,219,18213,1
8/10/2023,1354382,189,18215,2
8/11/2023,1354585,203,18217,2
8/12/2023,1354760,175,18218,1
8/13/2023,1354913,153,18219,1
8/14/2023,1355175,262,18224,5
8/15/2023,1355414,239,18226,2
8/16/2023,1355674,260,18229,3
8/17/2023,1355954,280,18230,1
8/18/2023,1356201,247,18234,4
8/19/2023,1356379,178,18238,4
8/20/2023,1356555,176,18241,3
8/21/2023,1356855,300,18244,3
8/22/2023,1357166,311,18249,5
8/23/2023,1357447,281,18252,3
8/24/2023,1357758,311,18256,4
8/25/2023,1358039,281,18257,1
8/26/2023,1358261,222,18260,3
8/27/2023,1358494,233,18263,3
8/28/2023,1358867,373,18266,3
8/29/2023,1359282,415,18271,5
8/30/2023,1359615,333,18275,4
8/31/2023,1359989,374,18281,6
9/1/2023,1360355,366,18284,3
9/2/2023,1360628,273,18288,4
9/3/2023,1360914,286,18291,3
9/4/2023,1361230,316,18301,10
9/5/2023,1361728,498,18308,7
9/6/2023,1362224,496,18313,5
9/7/2023,1362671,447,18318,5
9/8/2023,1363075,404,18325,7
9/9/2023,1363412,337,18335,10
9/10/2023,1363749,337,18342,7
9/11/2023,1364286,537,18350,8
9/12/2023,1364801,515,18354,4
9/13/2023,1365356,555,18360,6
9/14/2023,1365840,484,18367,7
9/15/2023,1366289,449,18377,10
9/16/2023,1366654,365,18386,9
9/17/2023,1367021,367,18391,5
9/18/2023,1367718,697,18395,4
9/19/2023,1368423,705,18401,6
9/20/2023,1369030,607,18407,6
9/21/2023,1369671,641,18412,5
9/22/2023,1370296,625,18424,12
9/23/2023,1370744,448,18429,5
9/24/2023,1371188,444,18439,10
9/25/2023,1372023,835,18446,7
9/26/2023,1372833,810,18452,6
9/27/2023,1373552,719,18459,7
9/28/2023,1374262,710,18466,7
9/29/2023,1374992,730,18474,8
9/30/2023,1375504,512,18488,14
10/1/2023,1376073,569,18498,10
10/2/2023,1377119,1046,18512,14
10/3/2023,1377998,879,18525,13
10/4/2023,1378800,802,18531,6
10/5/2023,1379529,729,18544,13
10/6/2023,1380150,621,18557,13
10/7/2023,1380579,429,18560,3
10/8/2023,1380976,397,18571,11
10/9/2023,1381426,450,18580,9
10/10/2023,1382107,681,18596,16
10/11/2023,1382715,608,18605,9
10/12/2023,1383205,490,18614,9
10/13/2023,1383662,457,18624,10
10/14/2023,1384000,338,18635,11
